[
{"id":"1","fTitle":"雪纺印花百褶裙半身裙,简约的线条和版型上身很好看，整体更有看点。","fImg":"./list/img/pic1.png","fPrice":"115","fOldPrice":"150","fPostage":"免邮费","fRecord":"62","fAddress":"辽宁鞍山","fDetail":"<img src='./detail/img/pic1.png' width='100%'/><br/><br/>雪纺印花百褶裙半身裙,简约的线条和版型上身很好看，整体更有看点。时尚真皮女凉鞋 牛筋底中跟欧美潮鞋 2015夏个性森系女鞋子罗马鞋。"},
{"id":"2","fTitle":"时尚真皮女凉鞋 牛筋底中跟欧美潮鞋 2015夏个性森系女鞋子罗马鞋","fImg":"./list/img/pic2.png","fPrice":"219","fOldPrice":"150","fPostage":"免邮费","fRecord":"3","fAddress":"辽宁鞍山","fDetail":"图文详情"},
{"id":"3","fTitle":"藤雷达椅 太阳椅 藤椅躺椅 午休藤睡椅 编藤阳台躺椅 懒人月亮椅","fImg":"./list/img/pic3.png","fPrice":"320","fOldPrice":"150","fPostage":"免邮费","fRecord":"14","fAddress":"辽宁鞍山","fDetail":"图文详情"},
{"id":"4","fTitle":"一件漂亮的软纱公主裙，配上一又白色高跟鞋子，又美丽又简单。","fImg":"./list/img/pic4.png","fPrice":"90","fOldPrice":"150","fPostage":"免邮费","fRecord":"66","fAddress":"辽宁鞍山","fDetail":"图文详情"},
{"id":"5","fTitle":"自制果冻布甸 餐厅专供原料 夏天美食，草莓味","fImg":"./list/img/pic5.png","fPrice":"21","fOldPrice":"150","fPostage":"免邮费","fRecord":"236","fAddress":"辽宁鞍山","fDetail":"图文详情"},
{"id":"6","fTitle":"雪纺印花百褶裙半身裙,简约的线条和版型上身很好看，整体更有看点。","fImg":"./list/img/pic1.png","fPrice":"115","fOldPrice":"150","fPostage":"免邮费","fRecord":"62","fAddress":"辽宁鞍山","fDetail":"图文详情"},
{"id":"7","fTitle":"时尚真皮女凉鞋 牛筋底中跟欧美潮鞋 2015夏个性森系女鞋子罗马鞋","fImg":"./list/img/pic2.png","fPrice":"219","fOldPrice":"150","fPostage":"免邮费","fRecord":"3","fAddress":"辽宁鞍山","fDetail":"图文详情"},
{"id":"8","fTitle":"藤雷达椅 太阳椅 藤椅躺椅 午休藤睡椅 编藤阳台躺椅 懒人月亮椅","fImg":"./list/img/pic3.png","fPrice":"320","fOldPrice":"150","fPostage":"免邮费","fRecord":"14","fAddress":"辽宁鞍山","fDetail":"图文详情"},
{"id":"9","fTitle":"一件漂亮的软纱公主裙，配上一又白色高跟鞋子，又美丽又简单。","fImg":"./list/img/pic4.png","fPrice":"90","fOldPrice":"150","fPostage":"免邮费","fRecord":"66","fAddress":"辽宁鞍山","fDetail":"图文详情"},
{"id":"10","fTitle":"自制果冻布甸 餐厅专供原料 夏天美食，草莓味","fImg":"./list/img/pic5.png","fPrice":"21","fOldPrice":"150","fPostage":"免邮费","fRecord":"236","fAddress":"辽宁鞍山","fDetail":"图文详情"}
]
