[
{"id":"1","fShopID":"f00105411","fTitle":"雪纺印花百褶裙半身裙,简约的线条和版型上身很好看，整体更有看点。","fImg":"./list/img/pic1.png","fPrice":"115","fPostage":"免邮费","fRecord":"62"},
{"id":"2","fShopID":"f00105411","fTitle":"时尚真皮女凉鞋 牛筋底中跟欧美潮鞋 2015夏个性森系女鞋子罗马鞋","fImg":"./list/img/pic2.png","fPrice":"219","fPostage":"免邮费","fRecord":"3"},
{"id":"3","fShopID":"f00105411","fTitle":"藤雷达椅 太阳椅 藤椅躺椅 午休藤睡椅 编藤阳台躺椅 懒人月亮椅","fImg":"./list/img/pic3.png","fPrice":"320","fPostage":"免邮费","fRecord":"14"},
{"id":"4","fShopID":"f00105411","fTitle":"一件漂亮的软纱公主裙，配上一又白色高跟鞋子，又美丽又简单。","fImg":"./list/img/pic4.png","fPrice":"90","fPostage":"免邮费","fRecord":"66"},
{"id":"5","fShopID":"f00102135","fTitle":"自制果冻布甸 餐厅专供原料 夏天美食，草莓味","fImg":"./list/img/pic5.png","fPrice":"21","fPostage":"免邮费","fRecord":"236"},
{"id":"6","fShopID":"f00102135","fTitle":"雪纺印花百褶裙半身裙,简约的线条和版型上身很好看，整体更有看点。","fImg":"./list/img/pic1.png","fPrice":"115","fPostage":"免邮费","fRecord":"62"},
{"id":"7","fShopID":"f00102135","fTitle":"时尚真皮女凉鞋 牛筋底中跟欧美潮鞋 2015夏个性森系女鞋子罗马鞋","fImg":"./list/img/pic2.png","fPrice":"219","fPostage":"免邮费","fRecord":"3"},
{"id":"8","fShopID":"f00102135","fTitle":"藤雷达椅 太阳椅 藤椅躺椅 午休藤睡椅 编藤阳台躺椅 懒人月亮椅","fImg":"./list/img/pic3.png","fPrice":"320","fPostage":"免邮费","fRecord":"14"},
{"id":"9","fShopID":"f00101621","fTitle":"一件漂亮的软纱公主裙，配上一又白色高跟鞋子，又美丽又简单。","fImg":"./list/img/pic4.png","fPrice":"90","fPostage":"免邮费","fRecord":"66"},
{"id":"10","fShopID":"f00101621","fTitle":"自制果冻布甸 餐厅专供原料 夏天美食，草莓味","fImg":"./list/img/pic5.png","fPrice":"21","fPostage":"免邮费","fRecord":"236"}
]