<?xml version="1.0" encoding="UTF-8"?>

<div xmlns="http://www.w3.org/1999/xhtml" component="$model/UI2/system/components/justep/window/window" design="device:m;" xid="window" class="window ceqENNb" data-bind="component:{name:'$model/UI2/system/components/justep/window/window'}" __cid="ceqENNb" components="$model/UI2/system/components/justep/model/model,$model/UI2/system/components/justep/popOver/popOver,$model/UI2/system/components/justep/loadingBar/loadingBar,$model/UI2/system/components/justep/button/button,$model/UI2/system/components/justep/window/window,">
  <xhtml:style xmlns:xhtml="http://www.w3.org/1999/xhtml">null</xhtml:style>  
  <div component="$model/UI2/system/components/justep/model/model" xid="model" style="display:none" data-bind="component:{name:'$model/UI2/system/components/justep/model/model'}" data-events="onLoad:modelLoad" __cid="ceqENNb" class="ceqENNb"/>  
  <div xid="div5" style="position:absolute; width:100%; height:100%; z-index:-1" __cid="ceqENNb" class="ceqENNb"> 
    <img alt="" xid="image2" style="width:100%;" height="100%" src="$model/UI2/prize/img/background_draw_prize.png" __cid="ceqENNb" class="ceqENNb"/> 
  </div>  
  <div component="$model/UI2/system/components/justep/popOver/popOver" class="x-popOver ceqENNb" xid="popOver" data-bind="component:{name:'$model/UI2/system/components/justep/popOver/popOver'}" data-config="{&quot;dismissible&quot;:false}" __cid="ceqENNb"> 
    <div class="x-popOver-overlay ceqENNb" xid="div6" __cid="ceqENNb"/>  
    <div class="x-popOver-content ceqENNb" xid="div7" style="background-color:transparent;" __cid="ceqENNb"> 
      <div xid="div2" style="border-radius:20px;background-color:white;margin:10px;" __cid="ceqENNb" class="ceqENNb"> 
        <img src="$model/UI2/prize/img/prize_top.gif" alt="" xid="image1" height="100%" style="width:100%;" __cid="ceqENNb" class="ceqENNb"/>  
        <div xid="div4" style="height:50px;text-align:center;" __cid="ceqENNb" class="ceqENNb"> 
          <span xid="info" style="text-align:center;font-size:xx-large;font-family:楷体;" __cid="ceqENNb" class="ceqENNb">恭喜获奖</span> 
        </div>  
        <div xid="div1" style="height:50px;text-align:center;" __cid="ceqENNb" class="ceqENNb"> 
          <span xid="prize" style="text-align:center;font-size:x-large;font-family:楷体;" __cid="ceqENNb" class="ceqENNb">奖品是</span> 
        </div>  
        <div xid="divAgain" style="text-align:center;" __cid="ceqENNb" class="ceqENNb"> 
          <a component="$model/UI2/system/components/justep/button/button" class="btn btn-link ceqENNb" xid="btnAgain" data-bind="component:{name:'$model/UI2/system/components/justep/button/button'}" data-events="onClick:btnAgainClick" data-config="{&quot;label&quot;:&quot;再摇一次&quot;}" __cid="ceqENNb"> 
            <i xid="i1" __cid="ceqENNb" class="ceqENNb"/>  
            <span xid="span1" __cid="ceqENNb" class="ceqENNb">再摇一次</span> 
          </a> 
        </div>  
        <img src="$model/UI2/prize/img/prize_bottom.gif" alt="" xid="image3" height="100%" style="width:100%;" __cid="ceqENNb" class="ceqENNb"/> 
      </div> 
    </div> 
  </div>  
  <img src="$model/UI2/prize/img/rock.png" alt="" xid="imgRock" style="height:80px;width:80px;position:absolute;bottom:10px;right:10px;" bind-click="imgRockClick" __cid="ceqENNb" class="ceqENNb"/>  
  <audio xid="huojiangMedia" __cid="ceqENNb" class="ceqENNb"> 
    <source src="$model/UI2/prize/mp3/huojiang.mp3" __cid="ceqENNb" class="ceqENNb"/> 
  </audio>  
  <audio xid="kachaMedia" __cid="ceqENNb" class="ceqENNb"> 
    <source src="$model/UI2/prize/mp3/kacha.mp3" __cid="ceqENNb" class="ceqENNb"/> 
  </audio> 
</div>
