{"rows":[
{"fID":"r001","fClassName":"热门推荐"},
{"fID":"r002","fClassName":"女士服装"},
{"fID":"r003","fClassName":"女士鞋包"},
{"fID":"r004","fClassName":"男士服装"},
{"fID":"r005","fClassName":"男士鞋包"},
{"fID":"r006","fClassName":"手机数码"},
{"fID":"r007","fClassName":"妈咪宝贝"},
{"fID":"r008","fClassName":"护肤彩妆"},
{"fID":"r009","fClassName":"家纺家饰"},
{"fID":"r010","fClassName":"美食酒饮"},
{"fID":"r011","fClassName":"家电办公"},
{"fID":"r012","fClassName":"运动户外"},
{"fID":"r013","fClassName":"珠宝配饰"},
{"fID":"r014","fClassName":"日用百货"},
{"fID":"r015","fClassName":"家具建材"}
]}




