[
{"fID":"t001","fSecondID":"s001","fClassName":"纯色T恤","fClassImg":"./class/img/pic1.png"},
{"fID":"t002","fSecondID":"s001","fClassName":"潮流","fClassImg":"./class/img/pic2.png"},
{"fID":"t003","fSecondID":"s001","fClassName":"跑步鞋","fClassImg":"./class/img/pic3.png"},
{"fID":"t004","fSecondID":"s001","fClassName":"五分裤","fClassImg":"./class/img/pic4.png"},
{"fID":"t005","fSecondID":"s001","fClassName":"娃娃鞋","fClassImg":"./class/img/pic5.png"},
{"fID":"t006","fSecondID":"s001","fClassName":"搅拌料理机","fClassImg":"./class/img/pic1.png"},
{"fID":"t007","fSecondID":"s001","fClassName":"短袖T恤","fClassImg":"./class/img/pic2.png"},
{"fID":"t008","fSecondID":"s002","fClassName":"短袖衬衫","fClassImg":"./class/img/pic3.png"},
{"fID":"t009","fSecondID":"s002","fClassName":"POLO衫","fClassImg":"./class/img/pic4.png"},
{"fID":"t010","fSecondID":"s002","fClassName":"薄夹克","fClassImg":"./class/img/pic5.png"},
{"fID":"t011","fSecondID":"s002","fClassName":"薄毛衣","fClassImg":"./class/img/pic1.png"},
{"fID":"t012","fSecondID":"s002","fClassName":"情侣T恤","fClassImg":"./class/img/pic2.png"},
{"fID":"t013","fSecondID":"s003","fClassName":"背心","fClassImg":"./class/img/pic3.png"},
{"fID":"t014","fSecondID":"s003","fClassName":"新品连衣裙","fClassImg":"./class/img/pic4.png"},
{"fID":"t015","fSecondID":"s003","fClassName":"雪纺连衣裙","fClassImg":"./class/img/pic5.png"},
{"fID":"t016","fSecondID":"s004","fClassName":"纯色T恤","fClassImg":"./class/img/pic1.png"},
{"fID":"t017","fSecondID":"s004","fClassName":"潮流","fClassImg":"./class/img/pic2.png"},
{"fID":"t018","fSecondID":"s005","fClassName":"跑步鞋","fClassImg":"./class/img/pic3.png"},
{"fID":"t019","fSecondID":"s006","fClassName":"五分裤","fClassImg":"./class/img/pic4.png"},
{"fID":"t020","fSecondID":"s006","fClassName":"娃娃鞋","fClassImg":"./class/img/pic5.png"},
{"fID":"t021","fSecondID":"s006","fClassName":"搅拌料理机","fClassImg":"./class/img/pic1.png"},
{"fID":"t022","fSecondID":"s007","fClassName":"短袖T恤","fClassImg":"./class/img/pic2.png"},
{"fID":"t023","fSecondID":"s008","fClassName":"短袖衬衫","fClassImg":"./class/img/pic3.png"},
{"fID":"t024","fSecondID":"s009","fClassName":"POLO衫","fClassImg":"./class/img/pic4.png"},
{"fID":"t025","fSecondID":"s010","fClassName":"薄夹克","fClassImg":"./class/img/pic5.png"},
{"fID":"t026","fSecondID":"s011","fClassName":"薄毛衣","fClassImg":"./class/img/pic1.png"},
{"fID":"t027","fSecondID":"s012","fClassName":"情侣T恤","fClassImg":"./class/img/pic2.png"},
{"fID":"t028","fSecondID":"s013","fClassName":"背心","fClassImg":"./class/img/pic3.png"},
{"fID":"t029","fSecondID":"s014","fClassName":"新品连衣裙","fClassImg":"./class/img/pic4.png"},
{"fID":"t030","fSecondID":"s015","fClassName":"雪纺连衣裙","fClassImg":"./class/img/pic5.png"}
]