<?xml version="1.0" encoding="UTF-8"?>

<div xmlns="http://www.w3.org/1999/xhtml" component="$model/UI2/system/components/justep/window/window" design="device:m;" xid="window" class="window cQVrqay" data-bind="component:{name:'$model/UI2/system/components/justep/window/window'}" __justepbasexid__="__baseID__" __cid="cQVrqay" components="$model/UI2/system/components/justep/loadingBar/loadingBar,$model/UI2/system/components/justep/panel/panel,$model/UI2/system/components/justep/panel/child,$model/UI2/system/components/justep/model/model,$model/UI2/system/components/justep/window/window,$model/UI2/system/components/justep/titleBar/titleBar,$model/UI2/system/components/justep/button/button,">
  <xhtml:style xmlns:xhtml="http://www.w3.org/1999/xhtml">null</xhtml:style>  
  <div component="$model/UI2/system/components/justep/model/model" xid="model" style="display:none" data-bind="component:{name:'$model/UI2/system/components/justep/model/model'}" data-events="onLoad:modelLoad" __cid="cQVrqay" class="cQVrqay"></div>  
  <div component="$model/UI2/system/components/justep/panel/panel" class="x-panel x-full p7bf877b5a1934737b7d19214e36081be-iosstatusbar cQVrqay" xid="panel1" data-bind="component:{name:'$model/UI2/system/components/justep/panel/panel'}" __cid="cQVrqay"> 
    <div class="x-panel-top cQVrqay" xid="top1" component="$model/UI2/system/components/justep/panel/child" data-bind="component:{name:'$model/UI2/system/components/justep/panel/child'}" __cid="cQVrqay"> 
      <div component="$model/UI2/system/components/justep/titleBar/titleBar" class="x-titlebar cQVrqay" data-bind="component:{name:'$model/UI2/system/components/justep/titleBar/titleBar'}" data-config="{&quot;title&quot;:&quot;摇奖&quot;}" __cid="cQVrqay"> 
        <div class="x-titlebar-left cQVrqay" __cid="cQVrqay"> 
          <a component="$model/UI2/system/components/justep/button/button" class="btn btn-link btn-only-icon cQVrqay" xid="backBtn" data-bind="component:{name:'$model/UI2/system/components/justep/button/button'}" data-events="onClick:{operation:'window.close'}" data-config="{&quot;icon&quot;:&quot;icon-chevron-left&quot;,&quot;label&quot;:&quot;&quot;}" __cid="cQVrqay"> 
            <i class="icon-chevron-left cQVrqay" __cid="cQVrqay"/>  
            <span __cid="cQVrqay" class="cQVrqay"/> 
          </a> 
        </div>  
        <div class="x-titlebar-title cQVrqay" __cid="cQVrqay">摇奖</div>  
        <div class="x-titlebar-right  cQVrqay" __cid="cQVrqay">
          <div class="empty cQVrqay" __cid="cQVrqay"/>
        </div> 
      </div> 
    </div>  
    <div class="x-panel-content cQVrqay" xid="content1" component="$model/UI2/system/components/justep/panel/child" data-bind="component:{name:'$model/UI2/system/components/justep/panel/child'}" __cid="cQVrqay"/>  
    <style __cid="cQVrqay" class="cQVrqay">.x-panel.p7bf877b5a1934737b7d19214e36081be-iosstatusbar &gt;.x-panel-top {height: 48px;}.x-panel.p7bf877b5a1934737b7d19214e36081be-iosstatusbar &gt;.x-panel-content { top: 48px;bottom: nullpx;}.x-panel.p7bf877b5a1934737b7d19214e36081be-iosstatusbar &gt;.x-panel-bottom {height: nullpx;}.iosstatusbar .x-panel.p7bf877b5a1934737b7d19214e36081be-iosstatusbar &gt;.x-panel-top {height: 68px;}.iosstatusbar .x-panel.p7bf877b5a1934737b7d19214e36081be-iosstatusbar &gt;.x-panel-content { top: 68px;}.iosstatusbar .x-panel .x-panel-content .x-panel.p7bf877b5a1934737b7d19214e36081be-iosstatusbar &gt;.x-panel-top {height: 48px;}.iosstatusbar .x-panel .x-panel-content .x-panel.p7bf877b5a1934737b7d19214e36081be-iosstatusbar &gt;.x-panel-content {top: 48px;}</style>
  </div> 
</div>
