[
{"fID":"001","fName":"鞍山","fHot":"0","fPinyin":"A","fCurrent":"0"},
{"fID":"002","fName":"北京","fHot":"1","fPinyin":"B","fCurrent":"0"},
{"fID":"003","fName":"蚌埠","fHot":"0","fPinyin":"B","fCurrent":"0"},
{"fID":"004","fName":"成都","fHot":"1","fPinyin":"C","fCurrent":"0"},
{"fID":"005","fName":"重庆","fHot":"1","fPinyin":"C","fCurrent":"0"},
{"fID":"006","fName":"长沙","fHot":"0","fPinyin":"C","fCurrent":"0"},
{"fID":"007","fName":"长春","fHot":"1","fPinyin":"C","fCurrent":"0"},
{"fID":"008","fName":"常州","fHot":"1","fPinyin":"C","fCurrent":"0"},
{"fID":"009","fName":"常德","fHot":"0","fPinyin":"C","fCurrent":"0"},
{"fID":"010","fName":"沧州","fHot":"0","fPinyin":"C","fCurrent":"0"},
{"fID":"011","fName":"常熟","fHot":"0","fPinyin":"C","fCurrent":"0"},
{"fID":"012","fName":"大连","fHot":"1","fPinyin":"D","fCurrent":"0"},
{"fID":"013","fName":"在同","fHot":"0","fPinyin":"D","fCurrent":"0"},
{"fID":"014","fName":"东莞","fHot":"1","fPinyin":"D","fCurrent":"0"},
{"fID":"015","fName":"东营","fHot":"1","fPinyin":"D","fCurrent":"0"},
{"fID":"016","fName":"德阳","fHot":"0","fPinyin":"D","fCurrent":"0"},
{"fID":"017","fName":"福州","fHot":"1","fPinyin":"F","fCurrent":"0"},
{"fID":"018","fName":"佛山","fHot":"1","fPinyin":"F","fCurrent":"0"},
{"fID":"019","fName":"阜阳","fHot":"0","fPinyin":"F","fCurrent":"0"},
{"fID":"020","fName":"广州","fHot":"0","fPinyin":"G","fCurrent":"0"},
{"fID":"021","fName":"贵阳","fHot":"0","fPinyin":"G","fCurrent":"0"},
{"fID":"022","fName":"赣州","fHot":"1","fPinyin":"G","fCurrent":"0"},
{"fID":"023","fName":"杭州","fHot":"0","fPinyin":"H","fCurrent":"0"},
{"fID":"024","fName":"合肥","fHot":"1","fPinyin":"H","fCurrent":"0"},
{"fID":"025","fName":"哈尔滨","fHot":"1","fPinyin":"H","fCurrent":"0"},
{"fID":"026","fName":"呼和浩特","fHot":"0","fPinyin":"H","fCurrent":"0"},
{"fID":"027","fName":"邯郸","fHot":"1","fPinyin":"H","fCurrent":"0"},
{"fID":"028","fName":"淮南","fHot":"1","fPinyin":"H","fCurrent":"0"},
{"fID":"029","fName":"湖州","fHot":"0","fPinyin":"H","fCurrent":"0"},
{"fID":"030","fName":"黄石","fHot":"0","fPinyin":"H","fCurrent":"0"},
{"fID":"031","fName":"济南","fHot":"0","fPinyin":"J","fCurrent":"0"},
{"fID":"032","fName":"金华","fHot":"1","fPinyin":"J","fCurrent":"0"},
{"fID":"033","fName":"吉林","fHot":"0","fPinyin":"J","fCurrent":"0"},
{"fID":"034","fName":"锦州","fHot":"1","fPinyin":"J","fCurrent":"0"},
{"fID":"035","fName":"嘉兴","fHot":"1","fPinyin":"J","fCurrent":"0"},
{"fID":"036","fName":"济宁","fHot":"0","fPinyin":"J","fCurrent":"0"},
{"fID":"037","fName":"昆明","fHot":"1","fPinyin":"K","fCurrent":"1"},
{"fID":"038","fName":"洛阳","fHot":"1","fPinyin":"L","fCurrent":"0"},
{"fID":"039","fName":"兰州","fHot":"0","fPinyin":"L","fCurrent":"0"},
{"fID":"040","fName":"临沂","fHot":"0","fPinyin":"L","fCurrent":"0"},
{"fID":"041","fName":"乐山","fHot":"1","fPinyin":"L","fCurrent":"0"},
{"fID":"042","fName":"绵阳","fHot":"1","fPinyin":"M","fCurrent":"0"},
{"fID":"043","fName":"南京","fHot":"1","fPinyin":"N","fCurrent":"0"},
{"fID":"044","fName":"宁波","fHot":"0","fPinyin":"N","fCurrent":"0"},
{"fID":"045","fName":"南宁","fHot":"0","fPinyin":"N","fCurrent":"0"},
{"fID":"046","fName":"南昌","fHot":"1","fPinyin":"N","fCurrent":"0"},
{"fID":"047","fName":"南阳","fHot":"0","fPinyin":"N","fCurrent":"0"},
{"fID":"048","fName":"南通","fHot":"1","fPinyin":"N","fCurrent":"0"},
{"fID":"049","fName":"南充","fHot":"1","fPinyin":"N","fCurrent":"0"},
{"fID":"050","fName":"泉州","fHot":"0","fPinyin":"Q","fCurrent":"0"},
{"fID":"051","fName":"青岛","fHot":"1","fPinyin":"Q","fCurrent":"0"},
{"fID":"052","fName":"日照","fHot":"1","fPinyin":"R","fCurrent":"0"},
{"fID":"053","fName":"上海","fHot":"1","fPinyin":"S","fCurrent":"0"},
{"fID":"054","fName":"苏州","fHot":"0","fPinyin":"S","fCurrent":"0"},
{"fID":"055","fName":"深圳","fHot":"1","fPinyin":"S","fCurrent":"0"},
{"fID":"056","fName":"沈阳","fHot":"0","fPinyin":"S","fCurrent":"0"},
{"fID":"057","fName":"石家庄","fHot":"1","fPinyin":"S","fCurrent":"0"},
{"fID":"058","fName":"绍兴","fHot":"1","fPinyin":"S","fCurrent":"0"},
{"fID":"059","fName":"汕头","fHot":"0","fPinyin":"S","fCurrent":"0"},
{"fID":"060","fName":"天津","fHot":"0","fPinyin":"T","fCurrent":"0"},
{"fID":"061","fName":"太原","fHot":"0","fPinyin":"T","fCurrent":"0"},
{"fID":"062","fName":"唐山","fHot":"1","fPinyin":"T","fCurrent":"0"},
{"fID":"063","fName":"台州","fHot":"0","fPinyin":"T","fCurrent":"0"},
{"fID":"064","fName":"泰州","fHot":"1","fPinyin":"T","fCurrent":"0"},
{"fID":"065","fName":"武汉","fHot":"1","fPinyin":"W","fCurrent":"0"},
{"fID":"066","fName":"无锡","fHot":"0","fPinyin":"W","fCurrent":"0"},
{"fID":"067","fName":"温州","fHot":"1","fPinyin":"W","fCurrent":"0"},
{"fID":"068","fName":"芜湖","fHot":"1","fPinyin":"W","fCurrent":"0"},
{"fID":"069","fName":"乌鲁木齐","fHot":"0","fPinyin":"W","fCurrent":"0"},
{"fID":"070","fName":"潍坊","fHot":"0","fPinyin":"W","fCurrent":"0"},
{"fID":"071","fName":"威海","fHot":"0","fPinyin":"W","fCurrent":"0"},
{"fID":"072","fName":"西安","fHot":"1","fPinyin":"X","fCurrent":"0"},
{"fID":"073","fName":"厦门","fHot":"0","fPinyin":"X","fCurrent":"0"},
{"fID":"074","fName":"徐州","fHot":"1","fPinyin":"X","fCurrent":"0"},
{"fID":"075","fName":"许昌","fHot":"1","fPinyin":"X","fCurrent":"0"},
{"fID":"076","fName":"延安","fHot":"0","fPinyin":"Y","fCurrent":"0"},
{"fID":"077","fName":"宜昌","fHot":"1","fPinyin":"Y","fCurrent":"0"},
{"fID":"078","fName":"烟台","fHot":"1","fPinyin":"Y","fCurrent":"0"},
{"fID":"079","fName":"扬州","fHot":"0","fPinyin":"Y","fCurrent":"0"},
{"fID":"080","fName":"银川","fHot":"0","fPinyin":"Y","fCurrent":"0"},
{"fID":"081","fName":"盐城","fHot":"1","fPinyin":"Y","fCurrent":"0"},
{"fID":"082","fName":"郑州","fHot":"1","fPinyin":"Z","fCurrent":"0"},
{"fID":"083","fName":"珠海","fHot":"0","fPinyin":"Z","fCurrent":"0"},
{"fID":"084","fName":"中山","fHot":"1","fPinyin":"Z","fCurrent":"0"},
{"fID":"085","fName":"漳州","fHot":"1","fPinyin":"Z","fCurrent":"0"},
{"fID":"086","fName":"株州","fHot":"0","fPinyin":"Z","fCurrent":"0"},
{"fID":"087","fName":"淄博","fHot":"1","fPinyin":"Z","fCurrent":"0"},
{"fID":"088","fName":"镇江","fHot":"1","fPinyin":"Z","fCurrent":"0"},
{"fID":"089","fName":"舟山","fHot":"0","fPinyin":"Z","fCurrent":"0"}
]




