[
{"fID":"001","fTitle":"热门","fImg":"./img/placeOne1.png"},
{"fID":"002","fTitle":"周边旅游","fImg":"./img/placeOne2.png"},
{"fID":"003","fTitle":"国内旅游","fImg":"./img/placeOne3.png"},
{"fID":"004","fTitle":"马尔代夫","fImg":"./img/placeOne4.png"},
{"fID":"005","fTitle":"欧洲","fImg":"./img/placeOne5.png"},
{"fID":"006","fTitle":"美洲","fImg":"./img/placeOne6.png"},
{"fID":"007","fTitle":"日韩","fImg":"./img/placeOne7.png"},
{"fID":"008","fTitle":"东南亚","fImg":"./img/placeOne8.png"},
{"fID":"009","fTitle":"港澳台","fImg":"./img/placeOne9.png"}
]




