[
{"fID":"001","fOneID":"001","fTitle":"马尔代夫","fImg":"./img/b1.jpg"},
{"fID":"002","fOneID":"001","fTitle":"中东非洲","fImg":"./img/b2.jpg"},
{"fID":"003","fOneID":"001","fTitle":"泰国","fImg":"./img/b3.jpg"},
{"fID":"004","fOneID":"001","fTitle":"欧洲","fImg":"./img/b4.jpg"},
{"fID":"005","fOneID":"001","fTitle":"日本","fImg":"./img/b5.jpg"},
{"fID":"006","fOneID":"001","fTitle":"韩国","fImg":"./img/b6.jpg"},
{"fID":"007","fOneID":"001","fTitle":"美国","fImg":"./img/b7.jpg"},
{"fID":"008","fOneID":"002","fTitle":"香港","fImg":"./img/b8.jpg"},
{"fID":"009","fOneID":"002","fTitle":"澳门","fImg":"./img/b9.jpg"},
{"fID":"010","fOneID":"002","fTitle":"泰国","fImg":"./img/b3.jpg"},
{"fID":"011","fOneID":"003","fTitle":"香港","fImg":"./img/b8.jpg"},
{"fID":"012","fOneID":"003","fTitle":"澳门","fImg":"./img/b9.jpg"},
{"fID":"013","fOneID":"004","fTitle":"马尔代夫","fImg":"./img/b1.jpg"},
{"fID":"014","fOneID":"005","fTitle":"欧洲","fImg":"./img/b4.jpg"},
{"fID":"015","fOneID":"006","fTitle":"美国","fImg":"./img/b7.jpg"},
{"fID":"016","fOneID":"007","fTitle":"日本","fImg":"./img/b5.jpg"},
{"fID":"017","fOneID":"007","fTitle":"韩国","fImg":"./img/b6.jpg"},
{"fID":"018","fOneID":"008","fTitle":"中东非洲","fImg":"./img/b2.jpg"},
{"fID":"019","fOneID":"008","fTitle":"泰国","fImg":"./img/b3.jpg"},
{"fID":"020","fOneID":"009","fTitle":"香港","fImg":"./img/b8.jpg"},
{"fID":"021","fOneID":"009","fTitle":"澳门","fImg":"./img/b9.jpg"}
]

