[
{"fID":"001","fTitle":"<北京双飞5日游>爸妈游热销，圆梦之旅，1价全含，24小时接送站","fImg":"./img/a1.jpg","fPrice":"2595","fOriginalPrice":"3000","fComments":"20","fSatisfaction":"100"},
{"fID":"002","fTitle":"<海南三亚6日游>2人减400，恋恋双岛，Hold爱呀诺达","fImg":"./img/a2.jpg","fPrice":"1365","fOriginalPrice":"3000","fComments":"20","fSatisfaction":"90"},
{"fID":"003","fTitle":"<桂林-大漓江-阳朔-古东双飞5日游>途牛爆款立减1600，2晚挂四，骑行","fImg":"./img/a3.jpg","fPrice":"15426","fOriginalPrice":"3000","fComments":"20","fSatisfaction":"97"},
{"fID":"004","fTitle":"<三亚双飞5日游>帆船出海 全新体验 近海而居","fImg":"./img/a4.jpg","fPrice":"2499","fOriginalPrice":"3000","fComments":"20","fSatisfaction":"100"},
{"fID":"005","fTitle":"<上海-杭州-乌镇-千岛湖-黄山双飞6日游>立减400，住宿VIP升级，一晚","fImg":"./img/a5.jpg","fPrice":"3699","fOriginalPrice":"3000","fComments":"20","fSatisfaction":"99"},
{"fID":"006","fTitle":"<长春伪皇宫-长白山-镜泊湖-扎龙-哈尔滨双飞7日游>牛独家，赏","fImg":"./img/a6.jpg","fPrice":"2685","fOriginalPrice":"3000","fComments":"20","fSatisfaction":"97"},
{"fID":"007","fTitle":"<厦门4日自由行>双人立减400，自助销售冠军","fImg":"./img/a7.jpg","fPrice":"6985","fOriginalPrice":"3000","fComments":"20","fSatisfaction":"90"},
{"fID":"008","fTitle":"<广州长隆酒店4日自助游>全程住长隆酒店，各种套餐、房型任选","fImg":"./img/a8.jpg","fPrice":"8547","fOriginalPrice":"3000","fComments":"20","fSatisfaction":"92"},
{"fID":"009","fTitle":"<桂林Club Med4日自助游>满3晚送1晚，感受静谧时光，私享无忧假期","fImg":"./img/a9.jpg","fPrice":"3695","fOriginalPrice":"3000","fComments":"20","fSatisfaction":"100"}
]
