[
{"id":"1","fShopID":"f00105411","fTitle":"2015夏季透气清凉棉麻连衣裙 夏中裙波西米亚雪纺长裙沙滩裙 短裙","fImg":"./cart/img/pic1.png","fPrice":"31","fOldPrice":"258","fPostage":"免邮费","fRecord":"43","fAddress":"上海","fColor":"黑色","fSize":"S","fNumber":"1","fSum":"0.00"},
{"id":"2","fShopID":"f00105411","fTitle":"2015秋装新款韩版连帽宽松大码中长款卫衣外套 女装开衫上衣","fImg":"./cart/img/pic2.png","fPrice":"89","fOldPrice":"138","fPostage":"免邮费","fRecord":"3","fAddress":"上海","fColor":"玫红色[3360]","fSize":"M","fNumber":"1","fSum":"0.00"},
{"id":"3","fShopID":"f00102135","fTitle":"卖红薯的小北黄芩粉刺调理水祛痘水去痘印水无激素泡纸膜","fImg":"./cart/img/pic3.png","fPrice":"56","fOldPrice":"56","fPostage":"免邮费","fRecord":"543","fAddress":"杭州","fColor":"","fSize":"","fNumber":"1","fSum":"0.00"},
{"id":"4","fShopID":"f00101621","fTitle":"夏装小脚裤运动裤少女休闲长裤卫裤女裤春秋女哈伦裤学生韩版宽松","fImg":"./cart/img/pic4.png","fPrice":"49","fOldPrice":"109","fPostage":"免邮费","fRecord":"95","fAddress":"辽宁鞍山","fColor":"8106灰色","fSize":"S","fNumber":"1","fSum":"0.00"}
]


