[
{"id":"f00102135","fShopName":"买红薯的小北家","fLevel":"5","fShopImg":"./cart/img/pic1.png","fConsistent":"4.7","fService":"4.7","fGoodsNumber":"48","fFocusNumber":"500"},
{"id":"f00105411","fShopName":"羊财树女癍旗舰店","fLevel":"5","fShopImg":"./cart/img/pic2.png","fConsistent":"4.7","fService":"4.7","fGoodsNumber":"48","fFocusNumber":"500"},
{"id":"f00101621","fShopName":"贝壳服务店","fLevel":"5","fShopImg":"./cart/img/pic3.png","fConsistent":"4.7","fService":"4.7","fGoodsNumber":"48","fFocusNumber":"500"}
]


